V,throttle,thrust,power
0.5,0.0,0.0,0.0
0.5,0.05,0.028377,0.030643
0.5,0.1,0.15913,0.206689
0.5,0.15,0.358375,0.620564
0.5,0.2,0.621409,1.405048
0.5,0.25,0.945827,2.681573
0.5,0.3,1.327316,4.561478
0.5,0.35,1.763979,7.144465
0.5,0.4,2.253721,10.521005
0.5,0.45,2.792019,14.803928
0.5,0.5,3.380813,20.036156
0.5,0.55,4.013657,26.337221
0.5,0.6,4.691901,33.753987
0.5,0.65,5.414872,42.338873
0.5,0.7,6.181337,52.150205
0.5,0.75,6.982787,63.327424
0.5,0.8,7.823598,75.895619
0.5,0.85,8.703354,89.861672
0.5,0.9,9.62075,105.289783
0.5,0.95,10.574855,122.226402
0.5,1.0,11.564793,140.715758
1.485714,0.0,0.0,0.0
1.485714,0.05,0.007577,0.013359
1.485714,0.1,0.088421,0.216254
1.485714,0.15,0.258403,0.8295
1.485714,0.2,0.580377,1.916245
1.485714,0.25,0.970845,3.44746
1.485714,0.3,1.433513,5.56028
1.485714,0.35,1.963071,8.389106
1.485714,0.4,2.560222,12.0659
1.485714,0.45,3.224798,16.718778
1.485714,0.5,3.953553,22.479251
1.485714,0.55,4.743422,29.478039
1.485714,0.6,5.588746,37.878935
1.485714,0.65,6.501558,47.759341
1.485714,0.7,7.477741,59.10216
1.485714,0.75,8.50094,72.351256
1.485714,0.8,9.591689,87.18757
1.485714,0.85,10.733048,104.117425
1.485714,0.9,11.92849,123.06561
1.485714,0.95,13.188415,143.873032
1.485714,1.0,14.493908,167.149925
2.471429,0.0,0.0,0.0
2.471429,0.05,0.0,0.0
2.471429,0.1,0.057603,0.172132
2.471429,0.15,0.200345,0.731471
2.471429,0.2,0.344036,1.75894
2.471429,0.25,0.719456,3.84213
2.471429,0.3,1.235839,6.665402
2.471429,0.35,1.812758,10.100616
2.471429,0.4,2.464251,14.336178
2.471429,0.45,3.188464,19.501742
2.471429,0.5,3.982714,25.723096
2.471429,0.55,4.84271,33.145662
2.471429,0.6,5.775251,41.883386
2.471429,0.65,6.772505,52.067244
2.471429,0.7,7.834804,63.855707
2.471429,0.75,8.957451,77.367808
2.471429,0.8,10.13668,92.788993
2.471429,0.85,11.399001,110.161819
2.471429,0.9,12.712013,129.551327
2.471429,0.95,14.089887,151.352339
2.471429,1.0,15.522328,175.31076
3.457143,0.0,0.0,0.0
3.457143,0.05,0.0,0.0
3.457143,0.1,0.002136,0.019685
3.457143,0.15,0.149264,0.63788
3.457143,0.2,0.357807,1.75977
3.457143,0.25,0.535936,3.365069
3.457143,0.3,0.830248,6.15035
3.457143,0.35,1.411534,10.544951
3.457143,0.4,2.112731,15.892796
3.457143,0.45,2.89938,22.075127
3.457143,0.5,3.728382,29.234628
3.457143,0.55,4.640022,37.525438
3.457143,0.6,5.624973,47.092132
3.457143,0.65,6.679813,58.064085
3.457143,0.7,7.806735,70.561877
3.457143,0.75,9.000697,84.716629
3.457143,0.8,10.259555,100.70321
3.457143,0.85,11.590639,118.608326
3.457143,0.9,12.985062,138.626272
3.457143,0.95,14.432837,160.823308
3.457143,1.0,15.959379,185.350458
4.442857,0.0,0.0,0.0
4.442857,0.05,0.0,0.0
4.442857,0.1,0.0,0.0
4.442857,0.15,0.069388,0.3656
4.442857,0.2,0.280644,1.562938
4.442857,0.25,0.551196,3.420824
4.442857,0.3,0.794927,5.837957
4.442857,0.35,1.044068,9.357866
4.442857,0.4,1.557479,14.919563
4.442857,0.45,2.334638,22.414383
4.442857,0.5,3.220552,31.084501
4.442857,0.55,4.215554,40.924977
4.442857,0.6,5.23098,51.688712
4.442857,0.65,6.326063,63.952012
4.442857,0.7,7.498117,77.646931
4.442857,0.75,8.743318,92.960594
4.442857,0.8,10.060171,110.057849
4.442857,0.85,11.448046,128.99163
4.442857,0.9,12.905578,149.943362
4.442857,0.95,14.430233,173.069801
4.442857,1.0,16.019632,198.516725
5.428571,0.0,0.0,0.0
5.428571,0.05,0.0,0.0
5.428571,0.1,0.0,0.0
5.428571,0.15,0.0,0.0
5.428571,0.2,0.178123,1.145907
5.428571,0.25,0.454254,3.118358
5.428571,0.3,0.786723,5.89035
5.428571,0.35,1.101721,9.349821
5.428571,0.4,1.363391,13.793353
5.428571,0.45,1.770844,20.22622
5.428571,0.5,2.52305,29.553497
5.428571,0.55,3.488769,40.926844
5.428571,0.6,4.559294,53.717022
5.428571,0.65,5.739786,67.939458
5.428571,0.7,6.99367,83.399623
5.428571,0.75,8.243971,100.208367
5.428571,0.8,9.607608,118.924244
5.428571,0.85,11.036226,139.336752
5.428571,0.9,12.54368,161.807569
5.428571,0.95,14.122196,186.3031
5.428571,1.0,15.772569,213.019873
6.414286,0.0,0.0,0.0
6.414286,0.05,0.0,0.0
6.414286,0.1,0.0,0.0
6.414286,0.15,0.0,0.0
6.414286,0.2,0.068676,0.550187
6.414286,0.25,0.328626,2.524005
6.414286,0.3,0.665208,5.428701
6.414286,0.35,1.05767,9.300039
6.414286,0.4,1.443854,14.006117
6.414286,0.45,1.759843,19.647345
6.414286,0.5,2.124358,27.197887
6.414286,0.55,2.74618,37.621102
6.414286,0.6,3.717826,51.492347
6.414286,0.65,4.873927,67.558755
6.414286,0.7,6.12916,85.268036
6.414286,0.75,7.494613,104.666565
6.414286,0.8,8.967257,125.746591
6.414286,0.85,10.411973,147.812566
6.414286,0.9,11.945576,172.299878
6.414286,0.95,13.569497,198.788278
6.414286,1.0,15.255891,227.270066
7.4,0.0,0.0,0.0
7.4,0.05,0.0,0.0
7.4,0.1,0.0,0.0
7.4,0.15,0.0,0.0
7.4,0.2,0.0,0.0
7.4,0.25,0.193408,1.697113
7.4,0.3,0.520696,4.661452
7.4,0.35,0.913396,8.632063
7.4,0.4,1.376464,13.89336
7.4,0.45,1.816452,19.887478
7.4,0.5,2.207644,27.026638
7.4,0.55,2.572725,35.889319
7.4,0.6,3.100812,47.53329
7.4,0.65,3.960494,62.997403
7.4,0.7,5.140814,82.177066
7.4,0.75,6.49011,103.786534
7.4,0.8,7.930031,127.212731
7.4,0.85,9.480122,152.581301
7.4,0.9,11.13906,179.907907
7.4,0.95,12.871542,208.916864
7.4,1.0,14.53537,239.258566
8.385714,0.0,0.0,0.0
8.385714,0.05,0.0,0.0
8.385714,0.1,0.0,0.0
8.385714,0.15,0.0,0.0
8.385714,0.2,0.0,0.0
8.385714,0.25,0.05365,0.647969
8.385714,0.3,0.360789,3.575743
8.385714,0.35,0.754413,7.720427
8.385714,0.4,1.217929,13.100357
8.385714,0.45,1.727881,19.669732
8.385714,0.5,2.239438,27.323931
8.385714,0.55,2.698116,36.088661
8.385714,0.6,3.101391,46.534065
8.385714,0.65,3.586728,59.669068
8.385714,0.7,4.316042,76.421905
8.385714,0.75,5.420298,97.941625
8.385714,0.8,6.802937,123.186547
8.385714,0.85,8.33732,151.0866
8.385714,0.9,9.961944,181.027782
8.385714,0.95,11.696794,213.166643
8.385714,1.0,13.541222,247.53069
9.371429,0.0,0.0,0.0
9.371429,0.05,0.0,0.0
9.371429,0.1,0.0,0.0
9.371429,0.15,0.0,0.0
9.371429,0.2,0.0,0.0
9.371429,0.25,0.0,0.0
9.371429,0.3,0.196379,2.234459
9.371429,0.35,0.570066,6.343282
9.371429,0.4,1.029787,11.862898
9.371429,0.45,1.562549,18.83495
9.371429,0.5,2.132508,27.018892
9.371429,0.55,2.693448,36.312894
9.371429,0.6,3.232047,47.002199
9.371429,0.65,3.690342,59.250751
9.371429,0.7,4.162628,74.020129
9.371429,0.75,4.804619,92.340392
9.371429,0.8,5.776519,115.454303
9.371429,0.85,7.114844,143.834936
9.371429,0.9,8.698615,175.929169
9.371429,0.95,10.415556,210.935373
9.371429,1.0,12.224778,248.187067
10.357143,0.0,0.0,0.0
10.357143,0.05,0.0,0.0
10.357143,0.1,0.0,0.0
10.357143,0.15,0.0,0.0
10.357143,0.2,0.0,0.0
10.357143,0.25,0.0,0.0
10.357143,0.3,0.021981,0.56007
10.357143,0.35,0.379637,4.662193
10.357143,0.4,0.821037,10.161058
10.357143,0.45,1.346698,17.249891
10.357143,0.5,1.941502,25.926305
10.357143,0.55,2.571648,35.925491
10.357143,0.6,3.210996,47.326429
10.357143,0.65,3.800023,59.879666
10.357143,0.7,4.326573,74.159972
10.357143,0.75,4.821283,90.864447
10.357143,0.8,5.430537,111.148391
10.357143,0.85,6.259053,135.612663
10.357143,0.9,7.486854,166.208554
10.357143,0.95,9.051237,202.234798
10.357143,1.0,10.81699,241.837341
11.342857,0.0,0.0,0.0
11.342857,0.05,0.0,0.0
11.342857,0.1,0.0,0.0
11.342857,0.15,0.0,0.0
11.342857,0.2,0.0,0.0
11.342857,0.25,0.0,0.0
11.342857,0.3,0.0,0.0
11.342857,0.35,0.18716,2.698136
11.342857,0.4,0.605657,8.115904
11.342857,0.45,1.113527,15.190352
11.342857,0.5,1.702856,24.014872
11.342857,0.55,2.361899,34.60882
11.342857,0.6,3.053864,46.637766
11.342857,0.65,3.744984,60.021372
11.342857,0.7,4.397683,74.725785
11.342857,0.75,5.002498,91.378904
11.342857,0.8,5.54746,110.342862
11.342857,0.85,6.133997,132.576135
11.342857,0.9,6.923415,159.489834
11.342857,0.95,7.978624,191.387272
11.342857,1.0,9.425843,229.962018
12.328571,0.0,0.0,0.0
12.328571,0.05,0.0,0.0
12.328571,0.1,0.0,0.0
12.328571,0.15,0.0,0.0
12.328571,0.2,0.0,0.0
12.328571,0.25,0.0,0.0
12.328571,0.3,0.0,0.0
12.328571,0.35,0.0,0.19779
12.328571,0.4,0.386137,5.728443
12.328571,0.45,0.873595,12.749531
12.328571,0.5,1.447637,21.593636
12.328571,0.55,2.099666,32.330163
12.328571,0.6,2.822956,45.034497
12.328571,0.65,3.572561,59.19836
12.328571,0.7,4.328158,74.921168
12.328571,0.75,5.048419,92.112743
12.328571,0.8,5.747589,111.576423
12.328571,0.85,6.326387,132.539274
12.328571,0.9,6.924114,157.072505
12.328571,0.95,7.655388,186.01037
12.328571,1.0,8.602382,219.898239
13.314286,0.0,0.0,0.0
13.314286,0.05,0.0,0.0
13.314286,0.1,0.0,0.0
13.314286,0.15,0.0,0.0
13.314286,0.2,0.0,0.0
13.314286,0.25,0.0,0.0
13.314286,0.3,0.0,0.0
13.314286,0.35,0.0,0.0
13.314286,0.4,0.162284,2.980695
13.314286,0.45,0.628076,9.915132
13.314286,0.5,1.183407,18.724895
13.314286,0.55,1.823399,29.532972
13.314286,0.6,2.541974,42.427621
13.314286,0.65,3.321428,57.32121
13.314286,0.7,4.125004,73.758226
13.314286,0.75,4.962247,92.347162
13.314286,0.8,5.745874,111.933589
13.314286,0.85,6.492376,133.744882
13.314286,0.9,7.151715,157.615631
13.314286,0.95,7.783894,184.715537
13.314286,1.0,8.488069,215.957455
14.3,0.0,0.0,0.0
14.3,0.05,0.0,0.0
14.3,0.1,0.0,0.0
14.3,0.15,0.0,0.0
14.3,0.2,0.0,0.0
14.3,0.25,0.0,0.0
14.3,0.3,0.0,0.0
14.3,0.35,0.0,0.0
14.3,0.4,0.0,0.0
14.3,0.45,0.380931,6.722795
14.3,0.5,0.912729,15.42065
14.3,0.55,1.534835,26.202607
14.3,0.6,2.240818,39.170365
14.3,0.65,2.997473,53.930337
14.3,0.7,3.863177,71.698026
14.3,0.75,4.724783,90.618792
14.3,0.8,5.646683,112.424844
14.3,0.85,6.426627,133.412203
14.3,0.9,7.251679,158.303219
14.3,0.95,8.034189,186.007786
14.3,1.0,8.703364,215.656842
15.285714,0.0,0.0,0.0
15.285714,0.05,0.0,0.0
15.285714,0.1,0.0,0.0
15.285714,0.15,0.0,0.0
15.285714,0.2,0.0,0.0
15.285714,0.25,0.0,0.0
15.285714,0.3,0.0,0.0
15.285714,0.35,0.0,0.0
15.285714,0.4,0.0,0.0
15.285714,0.45,0.120681,2.982824
15.285714,0.5,0.638041,11.686455
15.285714,0.55,1.239326,22.397297
15.285714,0.6,1.927753,35.34398
15.285714,0.65,2.699905,50.667805
15.285714,0.7,3.537797,68.228846
15.285714,0.75,4.445804,88.296619
15.285714,0.8,5.365246,109.870102
15.285714,0.85,6.345392,134.3011
15.285714,0.9,7.194326,158.52376
15.285714,0.95,8.129278,187.313443
15.285714,1.0,8.917816,216.79559
16.271429,0.0,0.0,0.0
16.271429,0.05,0.0,0.0
16.271429,0.1,0.0,0.0
16.271429,0.15,0.0,0.0
16.271429,0.2,0.0,0.0
16.271429,0.25,0.0,0.0
16.271429,0.3,0.0,0.0
16.271429,0.35,0.0,0.0
16.271429,0.4,0.0,0.0
16.271429,0.45,0.0,0.0
16.271429,0.5,0.362871,7.567982
16.271429,0.55,0.938724,18.110224
16.271429,0.6,1.607792,31.006198
16.271429,0.65,2.362273,46.311735
16.271429,0.7,3.200526,64.185786
16.271429,0.75,4.091957,84.227558
16.271429,0.8,5.06931,107.276629
16.271429,0.85,6.046383,131.670461
16.271429,0.9,7.085228,159.094209
16.271429,0.95,8.111725,188.953339
16.271429,1.0,9.025273,219.112646
17.257143,0.0,0.0,0.0
17.257143,0.05,0.0,0.0
17.257143,0.1,0.0,0.0
17.257143,0.15,0.0,0.0
17.257143,0.2,0.0,0.0
17.257143,0.25,0.0,0.0
17.257143,0.3,0.0,0.0
17.257143,0.35,0.0,0.0
17.257143,0.4,0.0,0.0
17.257143,0.45,0.0,0.0
17.257143,0.5,0.062585,2.619283
17.257143,0.55,0.636729,13.389535
17.257143,0.6,1.282007,26.144237
17.257143,0.65,2.018144,41.410117
17.257143,0.7,2.838427,59.268031
17.257143,0.75,3.742674,79.885692
17.257143,0.8,4.663685,102.02715
17.257143,0.85,5.733702,128.797729
17.257143,0.9,6.7682,156.178404
17.257143,0.95,7.866587,186.783099
17.257143,1.0,8.917119,219.006828
18.242857,0.0,0.0,0.0
18.242857,0.05,0.0,0.0
18.242857,0.1,0.0,0.0
18.242857,0.15,0.0,0.0
18.242857,0.2,0.0,0.0
18.242857,0.25,0.0,0.0
18.242857,0.3,0.0,0.0
18.242857,0.35,0.0,0.0
18.242857,0.4,0.0,0.0
18.242857,0.45,0.0,0.0
18.242857,0.5,0.0,0.0
18.242857,0.55,0.328047,8.127439
18.242857,0.6,0.952229,20.764907
18.242857,0.65,1.667259,35.940776
18.242857,0.7,2.470017,53.767972
18.242857,0.75,3.356233,74.374899
18.242857,0.8,4.32188,97.840814
18.242857,0.85,5.296959,122.734725
18.242857,0.9,6.438976,153.019405
18.242857,0.95,7.487431,182.66512
18.242857,1.0,8.652391,216.911026
19.228571,0.0,0.0,0.0
19.228571,0.05,0.0,0.0
19.228571,0.1,0.0,0.0
19.228571,0.15,0.0,0.0
19.228571,0.2,0.0,0.0
19.228571,0.25,0.0,0.0
19.228571,0.3,0.0,0.0
19.228571,0.35,0.0,0.0
19.228571,0.4,0.0,0.0
19.228571,0.45,0.0,0.0
19.228571,0.5,0.0,0.0
19.228571,0.55,0.0,1.799137
19.228571,0.6,0.622879,14.943298
19.228571,0.65,1.311581,29.901761
19.228571,0.7,2.09439,47.660424
19.228571,0.75,2.963372,68.241668
19.228571,0.8,3.915702,91.794335
19.228571,0.85,4.931551,118.048699
19.228571,0.9,5.962266,145.83808
19.228571,0.95,7.185314,180.105614
19.228571,1.0,8.28673,212.935135
20.214286,0.0,0.0,0.0
20.214286,0.05,0.0,0.0
20.214286,0.1,0.0,0.0
20.214286,0.15,0.0,0.0
20.214286,0.2,0.0,0.0
20.214286,0.25,0.0,0.0
20.214286,0.3,0.0,0.0
20.214286,0.35,0.0,0.0
20.214286,0.4,0.0,0.0
20.214286,0.45,0.0,0.0
20.214286,0.5,0.0,0.0
20.214286,0.55,0.0,0.0
20.214286,0.6,0.276474,8.31175
20.214286,0.65,0.954583,23.351465
20.214286,0.7,1.71349,40.940935
20.214286,0.75,2.563381,61.465046
20.214286,0.8,3.498309,84.994101
20.214286,0.85,4.516819,111.68836
20.214286,0.9,5.607507,141.457425
20.214286,0.95,6.687068,172.251035
20.214286,1.0,7.972999,210.223778
21.2,0.0,0.0,0.0
21.2,0.05,0.0,0.0
21.2,0.1,0.0,0.0
21.2,0.15,0.0,0.0
21.2,0.2,0.0,0.0
21.2,0.25,0.0,0.0
21.2,0.3,0.0,0.0
21.2,0.35,0.0,0.0
21.2,0.4,0.0,0.0
21.2,0.45,0.0,0.0
21.2,0.5,0.0,0.0
21.2,0.55,0.0,0.0
21.2,0.6,0.0,0.431716
21.2,0.65,0.595707,16.268553
21.2,0.7,1.32865,33.617632
21.2,0.75,2.157394,54.034176
21.2,0.8,3.074267,77.518218
21.2,0.85,4.074866,104.187491
21.2,0.9,5.159613,134.218937
21.2,0.95,6.31782,167.540058
21.2,1.0,7.436836,201.164169
22.185714,0.0,0.0,0.0
22.185714,0.05,0.0,0.0
22.185714,0.1,0.0,0.0
22.185714,0.15,0.0,0.0
22.185714,0.2,0.0,0.0
22.185714,0.25,0.0,0.0
22.185714,0.3,0.0,0.0
22.185714,0.35,0.0,0.0
22.185714,0.4,0.0,0.0
22.185714,0.45,0.0,0.0
22.185714,0.5,0.0,0.0
22.185714,0.55,0.0,0.0
22.185714,0.6,0.0,0.0
22.185714,0.65,0.208478,8.038763
22.185714,0.7,0.94472,25.790121
22.185714,0.75,1.746648,45.944036
22.185714,0.8,2.643186,69.341476
22.185714,0.85,3.626585,95.976465
22.185714,0.9,4.693066,125.983983
22.185714,0.95,5.843967,159.546507
22.185714,1.0,7.050286,196.131633
23.171429,0.0,0.0,0.0
23.171429,0.05,0.0,0.0
23.171429,0.1,0.0,0.0
23.171429,0.15,0.0,0.0
23.171429,0.2,0.0,0.0
23.171429,0.25,0.0,0.0
23.171429,0.3,0.0,0.0
23.171429,0.35,0.0,0.0
23.171429,0.4,0.0,0.0
23.171429,0.45,0.0,0.0
23.171429,0.5,0.0,0.0
23.171429,0.55,0.0,0.0
23.171429,0.6,0.0,0.0
23.171429,0.65,0.0,0.0
23.171429,0.7,0.55092,17.19731
23.171429,0.75,1.33449,37.261312
23.171429,0.8,2.207178,60.464978
23.171429,0.85,3.170846,87.024553
23.171429,0.9,4.220379,117.00275
23.171429,0.95,5.35292,150.545552
23.171429,1.0,6.569809,187.831325
24.157143,0.0,0.0,0.0
24.157143,0.05,0.0,0.0
24.157143,0.1,0.0,0.0
24.157143,0.15,0.0,0.0
24.157143,0.2,0.0,0.0
24.157143,0.25,0.0,0.0
24.157143,0.3,0.0,0.0
24.157143,0.35,0.0,0.0
24.157143,0.4,0.0,0.0
24.157143,0.45,0.0,0.0
24.157143,0.5,0.0,0.0
24.157143,0.55,0.0,0.0
24.157143,0.6,0.0,0.0
24.157143,0.65,0.0,0.0
24.157143,0.7,0.12395,7.218305
24.157143,0.75,0.922225,28.00951
24.157143,0.8,1.767293,50.89889
24.157143,0.85,2.709733,77.331808
24.157143,0.9,3.740376,107.245897
24.157143,0.95,4.855741,140.760082
24.157143,1.0,6.054426,178.034206
25.142857,0.0,0.0,0.0
25.142857,0.05,0.0,0.0
25.142857,0.1,0.0,0.0
25.142857,0.15,0.0,0.0
25.142857,0.2,0.0,0.0
25.142857,0.25,0.0,0.0
25.142857,0.3,0.0,0.0
25.142857,0.35,0.0,0.0
25.142857,0.4,0.0,0.0
25.142857,0.45,0.0,0.0
25.142857,0.5,0.0,0.0
25.142857,0.55,0.0,0.0
25.142857,0.6,0.0,0.0
25.142857,0.65,0.0,0.0
25.142857,0.7,0.0,0.0
25.142857,0.75,0.489389,17.656606
25.142857,0.8,1.328611,40.764694
25.142857,0.85,2.243925,66.891342
25.142857,0.9,3.254185,96.703643
25.142857,0.95,4.351771,130.168448
25.142857,1.0,5.532709,167.41077
26.128571,0.0,0.0,0.0
26.128571,0.05,0.0,0.0
26.128571,0.1,0.0,0.0
26.128571,0.15,0.0,0.0
26.128571,0.2,0.0,0.0
26.128571,0.25,0.0,0.0
26.128571,0.3,0.0,0.0
26.128571,0.35,0.0,0.0
26.128571,0.4,0.0,0.0
26.128571,0.45,0.0,0.0
26.128571,0.5,0.0,0.0
26.128571,0.55,0.0,0.0
26.128571,0.6,0.0,0.0
26.128571,0.65,0.0,0.0
26.128571,0.7,0.0,0.0
26.128571,0.75,0.022781,5.759305
26.128571,0.8,0.885629,29.908352
26.128571,0.85,1.776451,55.771825
26.128571,0.9,2.763073,85.370661
26.128571,0.95,3.840508,118.742035
26.128571,1.0,5.004535,155.947381
27.114286,0.0,0.0,0.0
27.114286,0.05,0.0,0.0
27.114286,0.1,0.0,0.0
27.114286,0.15,0.0,0.0
27.114286,0.2,0.0,0.0
27.114286,0.25,0.0,0.0
27.114286,0.3,0.0,0.0
27.114286,0.35,0.0,0.0
27.114286,0.4,0.0,0.0
27.114286,0.45,0.0,0.0
27.114286,0.5,0.0,0.0
27.114286,0.55,0.0,0.0
27.114286,0.6,0.0,0.0
27.114286,0.65,0.0,0.0
27.114286,0.7,0.0,0.0
27.114286,0.75,0.0,0.0
27.114286,0.8,0.411468,17.566703
27.114286,0.85,1.310105,44.043614
27.114286,0.9,2.268146,73.262701
27.114286,0.95,3.324277,106.487902
27.114286,1.0,4.468691,143.60892
28.1,0.0,0.0,0.0
28.1,0.05,0.0,0.0
28.1,0.1,0.0,0.0
28.1,0.15,0.0,0.0
28.1,0.2,0.0,0.0
28.1,0.25,0.0,0.0
28.1,0.3,0.0,0.0
28.1,0.35,0.0,0.0
28.1,0.4,0.0,0.0
28.1,0.45,0.0,0.0
28.1,0.5,0.0,0.0
28.1,0.55,0.0,0.0
28.1,0.6,0.0,0.0
28.1,0.65,0.0,0.0
28.1,0.7,0.0,0.0
28.1,0.75,0.0,0.0
28.1,0.8,0.0,3.570069
28.1,0.85,0.830944,31.300731
28.1,0.9,1.77456,60.519981
28.1,0.95,2.80341,93.397973
28.1,1.0,3.927385,130.401085
29.085714,0.0,0.0,0.0
29.085714,0.05,0.0,0.0
29.085714,0.1,0.0,0.0
29.085714,0.15,0.0,0.0
29.085714,0.2,0.0,0.0
29.085714,0.25,0.0,0.0
29.085714,0.3,0.0,0.0
29.085714,0.35,0.0,0.0
29.085714,0.4,0.0,0.0
29.085714,0.45,0.0,0.0
29.085714,0.5,0.0,0.0
29.085714,0.55,0.0,0.0
29.085714,0.6,0.0,0.0
29.085714,0.65,0.0,0.0
29.085714,0.7,0.0,0.0
29.085714,0.75,0.0,0.0
29.085714,0.8,0.0,0.0
29.085714,0.85,0.317073,16.837836
29.085714,0.9,1.278967,47.034957
29.085714,0.95,2.280657,79.541849
29.085714,1.0,3.381175,116.312265
30.071429,0.0,0.0,0.0
30.071429,0.05,0.0,0.0
30.071429,0.1,0.0,0.0
30.071429,0.15,0.0,0.0
30.071429,0.2,0.0,0.0
30.071429,0.25,0.0,0.0
30.071429,0.3,0.0,0.0
30.071429,0.35,0.0,0.0
30.071429,0.4,0.0,0.0
30.071429,0.45,0.0,0.0
30.071429,0.5,0.0,0.0
30.071429,0.55,0.0,0.0
30.071429,0.6,0.0,0.0
30.071429,0.65,0.0,0.0
30.071429,0.7,0.0,0.0
30.071429,0.75,0.0,0.0
30.071429,0.8,0.0,0.0
30.071429,0.85,0.0,0.563155
30.071429,0.9,0.759423,32.126742
30.071429,0.95,1.760042,65.038325
30.071429,1.0,2.831209,101.363372
31.057143,0.0,0.0,0.0
31.057143,0.05,0.0,0.0
31.057143,0.1,0.0,0.0
31.057143,0.15,0.0,0.0
31.057143,0.2,0.0,0.0
31.057143,0.25,0.0,0.0
31.057143,0.3,0.0,0.0
31.057143,0.35,0.0,0.0
31.057143,0.4,0.0,0.0
31.057143,0.45,0.0,0.0
31.057143,0.5,0.0,0.0
31.057143,0.55,0.0,0.0
31.057143,0.6,0.0,0.0
31.057143,0.65,0.0,0.0
31.057143,0.7,0.0,0.0
31.057143,0.75,0.0,0.0
31.057143,0.8,0.0,0.0
31.057143,0.85,0.0,0.0
31.057143,0.9,0.206074,15.378118
31.057143,0.95,1.232691,49.597933
31.057143,1.0,2.282564,85.708642
32.042857,0.0,0.0,0.0
32.042857,0.05,0.0,0.0
32.042857,0.1,0.0,0.0
32.042857,0.15,0.0,0.0
32.042857,0.2,0.0,0.0
32.042857,0.25,0.0,0.0
32.042857,0.3,0.0,0.0
32.042857,0.35,0.0,0.0
32.042857,0.4,0.0,0.0
32.042857,0.45,0.0,0.0
32.042857,0.5,0.0,0.0
32.042857,0.55,0.0,0.0
32.042857,0.6,0.0,0.0
32.042857,0.65,0.0,0.0
32.042857,0.7,0.0,0.0
32.042857,0.75,0.0,0.0
32.042857,0.8,0.0,0.0
32.042857,0.85,0.0,0.0
32.042857,0.9,0.0,0.0
32.042857,0.95,0.671543,32.311763
32.042857,1.0,1.732887,69.263594
33.028571,0.0,0.0,0.0
33.028571,0.05,0.0,0.0
33.028571,0.1,0.0,0.0
33.028571,0.15,0.0,0.0
33.028571,0.2,0.0,0.0
33.028571,0.25,0.0,0.0
33.028571,0.3,0.0,0.0
33.028571,0.35,0.0,0.0
33.028571,0.4,0.0,0.0
33.028571,0.45,0.0,0.0
33.028571,0.5,0.0,0.0
33.028571,0.55,0.0,0.0
33.028571,0.6,0.0,0.0
33.028571,0.65,0.0,0.0
33.028571,0.7,0.0,0.0
33.028571,0.75,0.0,0.0
33.028571,0.8,0.0,0.0
33.028571,0.85,0.0,0.0
33.028571,0.9,0.0,0.0
33.028571,0.95,0.078475,13.099044
33.028571,1.0,1.168058,51.545585
34.014286,0.0,0.0,0.0
34.014286,0.05,0.0,0.0
34.014286,0.1,0.0,0.0
34.014286,0.15,0.0,0.0
34.014286,0.2,0.0,0.0
34.014286,0.25,0.0,0.0
34.014286,0.3,0.0,0.0
34.014286,0.35,0.0,0.0
34.014286,0.4,0.0,0.0
34.014286,0.45,0.0,0.0
34.014286,0.5,0.0,0.0
34.014286,0.55,0.0,0.0
34.014286,0.6,0.0,0.0
34.014286,0.65,0.0,0.0
34.014286,0.7,0.0,0.0
34.014286,0.75,0.0,0.0
34.014286,0.8,0.0,0.0
34.014286,0.85,0.0,0.0
34.014286,0.9,0.0,0.0
34.014286,0.95,0.0,0.0
34.014286,1.0,0.567194,31.764968
35.0,0.0,0.0,0.0
35.0,0.05,0.0,0.0
35.0,0.1,0.0,0.0
35.0,0.15,0.0,0.0
35.0,0.2,0.0,0.0
35.0,0.25,0.0,0.0
35.0,0.3,0.0,0.0
35.0,0.35,0.0,0.0
35.0,0.4,0.0,0.0
35.0,0.45,0.0,0.0
35.0,0.5,0.0,0.0
35.0,0.55,0.0,0.0
35.0,0.6,0.0,0.0
35.0,0.65,0.0,0.0
35.0,0.7,0.0,0.0
35.0,0.75,0.0,0.0
35.0,0.8,0.0,0.0
35.0,0.85,0.0,0.0
35.0,0.9,0.0,0.0
35.0,0.95,0.0,0.0
35.0,1.0,0.0,9.907379
